date,firm,n,sd,source,C,KD,L,M,MP,S,SD,V,Fi
2010-09-30,Synovate,NA,NA,NA,5.4,4.4,5.1,31.7,7.8,29.6,8.9,4.7,
2010-10-06,Demoskop,NA,NA,NA,6.1,5,5.4,32.7,7.4,29,9.6,3.4,
2010-10-14,Sifo,NA,NA,NA,5,4.2,5.3,32.4,7,29.5,8.7,6.4,
2010-10-18,Novus,NA,NA,NA,4.9,4.8,4.4,32,7.9,30.4,8.1,6.4,
2010-10-24,"United Minds",NA,NA,NA,6.6,5.1,5.9,30.6,7.4,29.6,7.5,5.9,
2010-10-27,Synovate,NA,NA,NA,5.3,3.8,4.2,35.2,7.8,28.4,9.4,4.6,
2010-11-03,Demoskop,NA,NA,NA,4.8,4.4,5,34.3,8.2,28.9,9.1,4.9,
2010-11-08,SKOP,NA,NA,NA,5,2.8,4.3,32.5,7,31.3,9.1,6.2,
2010-11-11,Sifo,NA,NA,NA,5.1,4.1,5.8,31.8,7.8,28.5,8.5,6.9,
2010-11-15,Novus,NA,NA,NA,4.6,4.4,5,33.6,7,29.9,8.2,6.3,
2010-11-21,"United Minds",NA,NA,NA,6.3,4.9,5.8,31,7,29.1,8.5,6,
2010-11-24,Synovate,NA,NA,NA,5.2,3.8,5.3,37.5,6.2,27.7,9.1,4.3,
2010-11-25,SCB,NA,NA,NA,5.8,4.3,4.7,32.4,6.8,29,8.8,6.7,
2010-12-01,Demoskop,NA,NA,NA,5,3.4,6.1,34.8,6.1,28.2,8.9,5.6,
2010-12-13,Novus,NA,NA,NA,5.5,2.9,5.3,33.4,7.3,28.7,9.5,6.5,
2010-12-15,Synovate,NA,NA,NA,5.8,3.2,5.1,36.3,7.3,26.7,10.4,4.6,
2010-12-16,SKOP,NA,NA,NA,3.8,2.8,5,35.1,7.2,28.2,11,6.3,
2010-12-16,Sifo,NA,NA,NA,4.8,3.5,4.9,34.2,6.8,26.9,10.1,7.2,
2010-12-19,"United Minds",NA,NA,NA,5.5,4.8,5.2,31.7,7.5,27.6,9.4,6.9,
2011-01-05,Demoskop,NA,NA,NA,4.1,3.7,5.2,36.1,6.6,27.8,9.6,5.7,
2011-01-12,SKOP,NA,NA,NA,5.5,2.7,5.2,35.7,8.1,24.4,9.6,7.1,
2011-01-16,"United Minds",NA,NA,NA,4.1,3.8,5.9,35.1,6.2,26.6,9.8,7,
2011-01-17,Novus,NA,NA,NA,4.7,4.5,5.5,34.5,6.9,28,8.6,5.9,
2011-01-20,Sifo,NA,NA,NA,4.7,4.4,4.3,33.9,7.1,27.8,10.3,6.9,
2011-01-26,Synovate,NA,NA,NA,4.7,3.6,5.2,34.6,6.5,27,11.1,6.3,
2011-02-02,Demoskop,NA,NA,NA,4,2.7,4.5,36.8,5.9,30.1,9.3,5.1,
2011-02-06,YouGov,NA,NA,NA,5.4,4.6,5.7,32.2,6.4,25.2,9.7,7.9,
2011-02-13,"United Minds",NA,NA,NA,4.4,4.6,5.1,31.8,7.2,25.6,11.4,8.5,
2011-02-17,Sifo,NA,NA,NA,5.1,4.3,5.4,33.4,6.5,30.2,7.7,6.4,
2011-02-21,Novus,NA,NA,NA,5.1,4.1,5,33.6,7.4,28.4,8.7,6.5,
2011-02-23,Synovate,NA,NA,NA,3.6,3.9,5.3,36.7,7.7,29,8,4.6,
2011-03-02,Demoskop,NA,NA,NA,4.6,3.5,5.2,32.4,7.3,29.3,10.6,5.7,
2011-03-06,YouGov,NA,NA,NA,3.2,3.9,5.3,33.9,7.8,28.6,10.1,6.4,
2011-03-09,SKOP,NA,NA,NA,4.7,3.8,5.7,35.4,5.8,29.2,9.5,4.8,
2011-03-13,"United Minds",NA,NA,NA,4.8,3.8,4.9,33.8,7.1,27.8,9.8,6.8,
2011-03-17,Sifo,NA,NA,NA,4.7,4.5,6,30.9,6.7,30.5,9.2,6.2,
2011-03-21,Novus,NA,NA,NA,4.8,4.5,4.9,31.8,7.3,30.5,9.4,6.1,
2011-03-21,"United Minds",NA,NA,NA,4.3,3.3,5.4,33.3,6.9,28,10.4,6.4,
2011-03-23,Synovate,NA,NA,NA,5,3.2,4.5,34.9,6.2,29.9,9.7,5.7,
2011-04-04,YouGov,NA,NA,NA,4.5,2.9,5.3,32.8,7.1,29.2,9.6,8.2,
2011-04-05,SKOP,NA,NA,NA,3.5,2.9,5.5,34.5,7.4,30.1,9,5.2,
2011-04-05,Demoskop,NA,NA,NA,4.2,3.6,4.4,36.2,6.3,28.8,10.1,4.9,
2011-04-10,"United Minds",NA,NA,NA,5.6,5.1,4.7,30.3,7.3,30.8,8,6.4,
2011-04-14,Sifo,NA,NA,NA,4,3.8,5.4,32.5,6,31.2,9.8,6.6,
2011-04-18,Novus,NA,NA,NA,5.1,3.4,4.8,32.8,6.2,32.1,8.5,5.9,
2011-04-27,Synovate,NA,NA,NA,5,3.6,4.8,33.9,6,30.6,8.9,6.2,
2011-05-01,YouGov,NA,NA,NA,3.7,3.6,4.4,35.1,5.9,30.3,9.9,6.6,
2011-05-04,Demoskop,NA,NA,NA,4.2,3.5,4.9,32.2,6.2,30.3,10.5,7.1,
2011-05-05,SKOP,NA,NA,NA,4.3,4,6.1,33.4,6,30.4,9,5.9,
2011-05-08,"United Minds",NA,NA,NA,4,4.1,4.9,32.2,6.5,30.7,8.9,7.7,
2011-05-12,Sifo,NA,NA,NA,5.4,3.6,4.6,30.4,6.6,33.4,8.8,6.8,
2011-05-16,Novus,NA,NA,NA,5.2,3.7,4.6,30.4,7,34.1,8.5,5.5,
2011-05-25,Synovate,NA,NA,NA,4.7,3.8,4.1,32.7,7.2,33,8.9,4.2,
2011-05-26,SCB,NA,NA,NA,4.5,3.8,4.5,31.1,6,34,8.9,5.7,
2011-05-30,SKOP,NA,NA,NA,5.5,3.8,4.3,33.4,5.4,31.7,9.3,6.5,
2011-06-01,Demoskop,NA,NA,NA,5,3.5,5.2,32.1,6.5,29.2,11.8,6.3,
2011-06-05,YouGov,NA,NA,NA,4.5,4.1,5.2,31.7,7.2,30.1,9.3,7.1,
2011-06-05,"United Minds",NA,NA,NA,4,3.1,4.7,30.5,6.8,30.9,11.2,7.8,
2011-06-13,Novus,NA,NA,NA,4.8,4.5,5.1,30.8,6.6,32.2,9.9,5.4,
2011-06-16,Sifo,NA,NA,NA,4.5,3.6,4.5,29,6.2,35.2,9.1,6.8,
2011-06-21,Synovate,NA,NA,NA,3.7,4.5,3.8,32.4,7.5,32,10.3,4.8,
2011-07-02,"United Minds",NA,NA,NA,4.7,4.2,4.6,31.2,6.5,30.1,10.1,7.4,
2011-07-03,YouGov,NA,NA,NA,4.7,3.1,4.9,32.1,5.9,30.6,10.4,7.2,
2011-07-03,SKOP,NA,NA,NA,6,3.1,4.7,32.9,6.6,30.9,10.7,4.2,
2011-07-06,Demoskop,NA,NA,NA,3.7,3.3,3.8,34.9,6,32.5,10.6,4.6,
2011-08-01,YouGov,NA,NA,NA,3.4,3.7,4.3,31.5,7.1,30.6,10.6,7.7,
2011-08-03,Demoskop,NA,NA,NA,5.4,2.6,6.1,31.6,5.8,32.5,9.7,5.2,
2011-08-14,"United Minds",NA,NA,NA,4.4,3.2,5,31,6.4,31.6,9.8,7.8,
2011-08-18,Sifo,NA,NA,NA,4.3,4,4.3,30.1,7.4,32.8,10.1,6,
2011-08-22,Novus,NA,NA,NA,5.2,2.9,3.9,31.5,6.2,34.9,8.9,5.6,
2011-08-24,Synovate,NA,NA,NA,3.8,3.3,3.7,36.9,7.5,32.8,8.4,2.9,
2011-09-04,YouGov,NA,NA,NA,4,3.6,4.5,32.7,6.4,31.1,9.5,7.5,
2011-09-07,Demoskop,NA,NA,NA,5.9,3.4,5.9,32.5,5.1,31,10.4,4.8,
2011-09-08,SKOP,NA,NA,NA,5.2,4,5.1,33.5,6.9,30.5,8.7,5.1,
2011-09-11,"United Minds",NA,NA,NA,5.3,3.9,3.3,30.9,6.9,32.4,10,6,
2011-09-15,Sifo,NA,NA,NA,4.5,4.1,5.4,32.7,5.8,31.8,8.9,5.5,
2011-09-20,Novus,NA,NA,NA,4.9,3.7,4.8,31.6,6.8,33.2,9,5,
2011-09-28,Synovate,NA,NA,NA,5.4,3.8,4.9,31.7,5.5,34.1,8.3,5.1,
2011-10-02,YouGov,NA,NA,NA,4,4.1,5.8,31.8,6.4,30.1,10.1,7,
2011-10-05,Demoskop,NA,NA,NA,5.8,4.7,4.6,32.7,6.2,28.2,10.5,5.9,
2011-10-10,"United Minds",NA,NA,NA,6,3.8,5.6,29.2,7,30,10.2,7.1,
2011-10-13,Sifo,NA,NA,NA,4.9,3.8,6.3,31.1,6.8,30.3,10.1,5.5,
2011-10-16,SKOP,NA,NA,NA,7.1,4,4.5,32.6,5.7,31.7,8.7,4.8,
2011-10-17,Novus,NA,NA,NA,5.7,4.5,5.9,32,5.8,29.5,9.6,6,
2011-10-26,Synovate,NA,NA,NA,5.3,4,5.8,34,6.7,28.1,10,5.1,
2011-11-02,Demoskop,NA,NA,NA,4.9,3.2,6.7,33.4,5.1,26.6,12.6,6,
2011-11-06,YouGov,NA,NA,NA,4.8,3.7,7.1,32.9,6.5,24.7,10.7,8.4,
2011-11-06,"United Minds",NA,NA,NA,4.7,3.6,6.9,32.8,7.2,24.9,10.6,7.7,
2011-11-10,Sifo,NA,NA,NA,6.7,3.2,5.8,32.8,6.6,27.4,10,6.7,
2011-11-20,SKOP,NA,NA,NA,5.2,3.7,4.2,35.4,7,26.8,11.6,4.9,
2011-11-21,Novus,NA,NA,NA,5.8,4,6,33.7,6.8,27,10.1,5.3,
2011-11-23,Ipsos,NA,NA,NA,6.3,4.3,5.3,35.9,6.3,25.1,12.2,5.3,
2011-11-27,SCB,NA,NA,NA,5.5,3.8,5.2,33.4,5.6,27.7,11.7,5.7,
2011-12-04,YouGov,NA,NA,NA,4.5,3.4,6.9,34.3,5.9,24.1,11.2,8.9,
2011-12-04,"United Minds",NA,NA,NA,5.5,4.3,6.6,31.5,7.5,25.7,10.7,6.5,
2011-12-07,Demoskop,NA,NA,NA,6.1,3.3,4.2,36.3,5.9,26.1,11.5,5.1,
2011-12-14,Ipsos,NA,NA,NA,5.4,3.8,6.3,35.7,6.5,24.2,12.2,5.5,
2011-12-15,Sifo,NA,NA,NA,5.4,4.3,6.3,34.4,5.5,25.4,12.3,5.2,
2011-12-19,Novus,NA,NA,NA,5.8,3.8,6.4,34.8,5.6,26.2,11,5.4,
2012-01-01,YouGov,NA,NA,NA,5,3.6,6.4,34.4,6.2,24.7,11.9,6.9,
2012-01-04,Demoskop,NA,NA,NA,5.3,2.9,5.9,34.1,5.8,23.9,14.6,6,
2012-01-12,SKOP,NA,NA,NA,5.5,3.9,6.1,35.6,5.8,25.3,11.5,5.5,
2012-01-15,"United Minds",NA,NA,NA,6.3,2.8,7.9,32.2,6.3,23.6,11.5,8.3,
2012-01-19,Sifo,NA,NA,NA,4.5,4.2,8.8,32.9,5.6,24.6,11.8,6.9,
2012-01-23,Novus,NA,NA,NA,5.4,3.4,7.6,35.6,5.8,22.9,12.1,6,
2012-01-25,Ipsos,NA,NA,NA,4.6,3.1,9.6,35.7,5.8,23.7,10.7,5.8,
2012-02-01,YouGov,NA,NA,NA,4.8,3.1,10.3,35.8,4.7,21.9,11.7,6.9,
2012-02-02,Demoskop,NA,NA,NA,4.3,3.8,9.3,32,6.7,24.8,11.6,6.3,
2012-02-03,SKOP,NA,NA,NA,4.9,3.7,7.1,32.9,5.7,27.3,11.5,5.6,
2012-02-12,"United Minds",NA,NA,NA,3.9,4.7,9.2,32.7,5,26,10.5,7.2,
2012-02-16,Sifo,NA,NA,NA,5.1,3.8,6.7,32.9,6.5,29.2,10.5,4.7,
2012-02-20,Novus,NA,NA,NA,5.6,4.1,8.2,32.5,5.5,27.2,10.5,5.8,
2012-02-22,Ipsos,NA,NA,NA,5,3.9,7.7,32.1,6.2,29.3,9,5.5,
2012-03-06,YouGov,NA,NA,NA,4.7,4.2,8.3,32.1,5.6,29.6,9.4,5.4,
2012-03-06,SKOP,NA,NA,NA,5,3.3,6.5,33.4,6.9,30.8,9.1,4.5,
2012-03-07,Demoskop,NA,NA,NA,4.9,3.6,6.3,32.9,5.5,29.7,10.9,5.2,
2012-03-11,"United Minds",NA,NA,NA,4.7,4.6,7.3,29.3,5.8,32.5,7.8,7.5,
2012-03-15,Sifo,NA,NA,NA,4.9,3.5,6.1,28.7,5.9,33.7,10.3,5.2,
2012-03-19,Novus,NA,NA,NA,4.8,3.6,7.3,30.5,5.7,32.4,8.8,5.7,
2012-03-27,Ipsos,NA,NA,NA,5,3.4,5.7,29.7,6.1,35.6,9.3,4.2,
2012-04-03,YouGov,NA,NA,NA,3.7,3.5,6.3,30.5,5.9,34.4,9.6,5.7,
2012-04-04,Demoskop,NA,NA,NA,4.2,3.1,6.5,29.9,5.2,34.1,9.5,6.6,
2012-04-08,"United Minds",NA,NA,NA,3.6,3.9,5.7,28.5,4.8,35.6,9.2,7.2,
2012-04-12,Sifo,NA,NA,NA,4.6,4,5.6,29.1,5.1,36.8,9.3,4.7,
2012-04-19,SKOP,NA,NA,NA,4.3,2.9,5.3,31,5.7,34.9,8.9,6.1,
2012-04-23,Novus,NA,NA,NA,5.1,3.8,6.5,29.1,5.2,35.9,8.2,5.3,
2012-04-24,Ipsos,NA,NA,NA,4.9,3.2,5.4,31.8,5.3,34.6,8.9,5.2,
2012-05-02,Demoskop,NA,NA,NA,4.8,3.4,5.7,30.1,4.7,35.5,10.2,4.6,
2012-05-06,"United Minds",NA,NA,NA,4.6,3.2,5.6,29.7,6.7,34.6,8.2,6.4,
2012-05-08,YouGov,NA,NA,NA,5.1,3.6,5.9,31.1,5.4,34.3,8.2,6,
2012-05-10,Sifo,NA,NA,NA,4.5,3.6,5.3,27.7,5.3,36.7,9.2,6.6,
2012-05-21,Novus,NA,NA,NA,4.5,4.2,6.1,28.3,6.2,36.6,8.2,4.6,
2012-05-27,SCB,NA,NA,NA,4.7,3.7,5.9,28.6,5.5,37.3,8.1,5.4,
2012-05-29,Ipsos,NA,NA,NA,4.7,3.6,4.8,30.3,6.8,35.8,7.8,5.9,
2012-06-03,"United Minds",NA,NA,NA,3.4,3.9,6.5,27.1,6.6,34.6,8.2,8.7,
2012-06-05,YouGov,NA,NA,NA,4.5,3.9,6.1,29,6.8,34.5,8.1,6.5,
2012-06-05,SKOP,NA,NA,NA,5.4,2.9,5.4,31.1,5.5,31.9,9.8,7,
2012-06-06,Demoskop,NA,NA,NA,4.4,2.4,6.9,30.8,4.9,35.7,7.7,6.6,
2012-06-14,Sifo,NA,NA,NA,4.8,3.9,4.4,27.6,5.6,38.8,8.6,5.4,
2012-06-26,Ipsos,NA,NA,NA,5.7,4.2,5.2,30.7,5.2,34.4,9.5,4.7,
2012-06-29,Novus,NA,NA,NA,5.1,3.9,5.8,29.5,5.6,33.8,9.3,5.7,
2012-06-29,"United Minds",NA,NA,NA,4.1,3.4,6.9,27,7.6,33.6,7.6,8.3,
2012-07-03,YouGov,NA,NA,NA,5,3.1,5.4,28.2,6.5,35.7,8.8,6.4,
2012-07-04,Demoskop,NA,NA,NA,3.5,3.7,4.4,30.8,6.6,35.4,9.1,6,
2012-07-09,SKOP,NA,NA,NA,4.8,3.7,6.5,31,6.5,34.2,8.2,4.7,
2012-08-07,YouGov,NA,NA,NA,4.8,3.6,5.1,28.2,5.9,34.4,9.6,7.6,
2012-08-19,"United Minds",NA,NA,NA,4.8,4.1,5.9,27,5.9,34,8.3,8.4,
2012-08-22,Sifo,NA,NA,NA,4.6,3.4,6.2,28.5,6.2,34.3,9.9,6.2,
2012-08-26,Novus,NA,NA,NA,3.8,3.1,5.8,30.2,5.7,34.8,9.5,5.9,
2012-08-28,Ipsos,NA,NA,NA,4.9,4,6.1,30.9,5.5,35.5,7.8,4.9,
2012-09-04,YouGov,NA,NA,NA,4.6,3.9,5.3,29.3,6.4,33.6,8.4,7.3,
2012-09-05,Demoskop,NA,NA,NA,5.1,3,5.8,28.7,6.3,34.8,8.9,6.3,
2012-09-13,Sifo,NA,NA,NA,4.8,3.8,5.9,28.7,6.6,33.3,8.9,7.2,
2012-09-16,"United Minds",NA,NA,NA,3.3,4.7,6.9,27.8,5.8,33.1,8.6,8.8,
2012-09-23,Novus,NA,NA,NA,4.1,3.3,5.6,31.9,5.5,33.9,8.9,6.1,
2012-09-24,SKOP,NA,NA,NA,4.1,2.9,6,30.3,6.5,33.5,9.8,6.3,
2012-09-25,Ipsos,NA,NA,NA,3.7,3.2,4.9,30.6,6.3,34.7,9.9,5.8,
2012-10-02,YouGov,NA,NA,NA,5.6,3.1,6.5,29.8,5.2,31.7,8.1,9.3,
2012-10-03,Demoskop,NA,NA,NA,3.9,2.9,5.9,31.9,7.2,32.6,7.7,7.1,
2012-10-11,Sifo,NA,NA,NA,4.4,3.4,6.5,28.8,5.6,32.1,10,7.7,
2012-10-13,"United Minds",NA,NA,NA,4.2,3.8,6.4,28.1,6.1,31.4,8.8,9.9,
2012-10-21,Novus,NA,NA,NA,3.9,3.1,5.7,31,6.2,33.8,9.1,6.5,
2012-10-23,Ipsos,NA,NA,NA,4.2,3.8,6.3,29.4,5.3,34.8,7.2,8.5,
2012-11-06,YouGov,NA,NA,NA,4.3,4,7.4,30.7,4.9,32.8,7,8.2,
2012-11-07,Demoskop,NA,NA,NA,4.5,3.7,4.7,30.3,5.8,33.1,8,9,
2012-11-11,"United Minds",NA,NA,NA,5.1,3.9,5.8,27.8,6.3,31,8,11.2,
2012-11-15,Sifo,NA,NA,NA,4.2,3.5,4.7,28.7,5.3,33.9,10.1,8.5,
2012-11-21,SKOP,NA,NA,NA,3.6,3.2,6.7,32.2,4.9,33.3,7.5,6.4,
2012-11-25,Novus,NA,NA,NA,4.1,3.2,6.6,28.7,5.4,32.9,9.6,8.6,
2012-11-25,SCB,NA,NA,NA,4.4,3.8,5.8,28.1,5.5,34.8,8.6,7.9,
2012-11-27,Ipsos,NA,NA,NA,4.4,3.2,4.5,29.7,5.3,34.4,8.3,8.8,
2012-12-04,YouGov,NA,NA,NA,3.8,3.5,6.7,30.3,5.7,31.3,7.1,10.9,
2012-12-05,Demoskop,NA,NA,NA,2.9,2.8,5.1,33.5,5.9,32,8.3,8.6,
2012-12-13,Sifo,NA,NA,NA,4.5,3.6,5.9,28.2,5.4,32.1,9.7,10,
2012-12-16,"United Minds",NA,NA,NA,4.8,3.8,6.7,28.9,4.9,32,8.2,9.7,
2012-12-16,Novus,NA,NA,NA,5.1,3.4,5.9,28.4,6.1,32.2,9,9,
2012-12-18,Ipsos,NA,NA,NA,3.4,3.5,5.3,32.3,5.7,33.1,8,8.2,
2012-12-18,SKOP,NA,NA,NA,3.9,4.7,5.3,29.1,6.2,31.5,10.3,7.8,
2013-01-08,YouGov,NA,NA,NA,4.5,4.5,6.1,27.4,4.9,31.4,8.3,12.5,
2013-01-10,Demoskop,NA,NA,NA,4.5,2.9,5.9,30.5,6.4,32.7,7.3,9.2,
2013-01-17,Sifo,NA,NA,NA,3.2,4.5,4.6,29.3,6.2,33.6,9,9.1,
2013-01-20,"United Minds",NA,NA,NA,4.4,3.1,6.9,28.3,5.8,31.9,8.4,10.1,
2013-01-27,Novus,NA,NA,NA,4.1,3.8,5.5,29.7,5.8,31.5,9.3,9.4,
2013-01-29,Ipsos,NA,NA,NA,3.3,3.2,5.9,32.3,7.2,29.8,8.6,9,
2013-02-05,YouGov,NA,NA,NA,3.3,3.5,5.4,28.8,5.8,31.3,9.7,11.5,
2013-02-06,Demoskop,NA,NA,NA,3.4,4.4,5.8,29.4,6.5,31.9,8.5,9.6,
2013-02-14,Sifo,NA,NA,NA,3.6,3.6,5.7,29,6.2,31.3,11,8.5,
2013-02-16,"United Minds",NA,NA,NA,4,3.3,6.2,27.6,4.7,32.9,9,11.1,
2013-02-24,Novus,NA,NA,NA,3.4,3.5,6.6,29.1,5.2,31.9,9.1,10.2,
2013-02-26,Ipsos,NA,NA,NA,3.8,4.2,5.5,28.1,5.2,33.1,9.1,10.2,
2013-03-05,YouGov,NA,NA,NA,3.4,2.6,5.7,28.7,6.5,30.5,9.2,12.6,
2013-03-06,SKOP,NA,NA,NA,4.3,3.9,5.8,29.5,8,32.9,8.2,7.3,
2013-03-06,Demoskop,NA,NA,NA,3,3.4,6.2,27.8,5.4,32.3,9.6,11,
2013-03-14,Sifo,NA,NA,NA,3.8,3.3,5.4,27.3,5.6,35,9.3,9,
2013-03-17,"United Minds",NA,NA,NA,4.3,4.6,7.8,25.9,6.2,31.6,7.9,10.3,
2013-03-24,Novus,NA,NA,NA,3.3,3.7,6.3,28.3,6.2,32.1,9.6,9.1,
2013-03-26,Ipsos,NA,NA,NA,3.8,4,5.5,28,5.6,34.6,9.2,8,
2013-04-02,YouGov,NA,NA,NA,2.7,4.3,5.9,28.4,5.9,31.9,8.6,10.8,
2013-04-03,Demoskop,NA,NA,NA,4,3.6,5.9,27.4,6.9,32.7,9.3,9.2,
2013-04-11,SKOP,NA,NA,NA,4.2,2.5,6.3,30.2,6.6,32,8.3,7.4,
2013-04-11,Sifo,NA,NA,NA,3.5,3.6,7,27.9,5.4,34.4,8.9,8,
2013-04-21,"United Minds",NA,NA,NA,4.1,4.5,5.8,26.9,5.9,31.8,9.3,10.1,
2013-04-21,Novus,NA,NA,NA,3.7,4,6.5,27,6.1,34.4,8.6,8.9,
2013-04-23,Ipsos,NA,NA,NA,4.8,3,6,29.5,6.6,33.7,8.2,6.7,
2013-05-07,YouGov,NA,NA,NA,4.2,3.8,7.8,27.4,5.4,30.9,8.2,10.9,
2013-05-07,Demoskop,NA,NA,NA,3.3,2.9,5.3,29.1,5.5,32.9,9.2,9.9,
2013-05-16,SKOP,NA,NA,NA,4.2,3.7,5.4,28.5,5.8,34.2,9.9,6.6,
2013-05-16,Sifo,NA,NA,NA,4.1,2.7,7,28.4,6.4,32.8,10.9,6.6,
2013-05-19,"United Minds",NA,NA,NA,2.8,4,6.8,26.9,5.4,32.7,8.5,11,
2013-05-26,Novus,NA,NA,NA,3.6,3.1,6.9,27.8,6.3,33.5,8.1,9.2,
2013-05-27,SCB,NA,NA,NA,4.2,3.6,6.4,26.9,6,35.6,8.5,7.7,
2013-05-28,Ipsos,NA,NA,NA,3.2,4.2,7,28.9,5.8,32.1,10.3,7,
2013-06-04,YouGov,NA,NA,NA,4.5,3.4,6.9,25.3,6.2,30.5,10.2,11.5,
2013-06-05,Demoskop,NA,NA,NA,3.4,3.1,6.4,26.6,5.7,33.5,10.9,9.6,
2013-06-13,Sifo,NA,NA,NA,4,4.1,6.5,28.3,6,31,11,7.6,
2013-06-16,"United Minds",NA,NA,NA,3.7,3.8,7.2,25.8,6.3,32,8.9,10.7,
2013-06-23,Novus,NA,NA,NA,3.8,4.4,6.7,26.6,5.4,34.4,8.7,9,
2013-06-25,Ipsos,NA,NA,NA,4.1,4.3,6.6,26.5,6.4,33.1,10.5,7.3,
2013-07-02,YouGov,NA,NA,NA,3.2,3,8.4,26.5,6.7,30.9,9.5,11.2,
2013-07-03,Demoskop,NA,NA,NA,3.2,3,7.8,25.3,5.6,33.7,8.9,11.6,
2013-08-04,Novus,NA,NA,NA,3.9,4,6.3,26.2,5.4,34.1,9.7,9,
2013-08-06,YouGov,NA,NA,NA,3.6,4,7.4,28.4,5.4,30.8,9.3,9.9,
2013-08-15,"United Minds",NA,NA,NA,4.9,4.5,6.1,24.5,4.6,33.2,9.1,11.3,
2013-08-22,Sifo,NA,NA,NA,4,3.8,6.5,26.6,5.9,30.5,10.9,9.9,
2013-08-27,Ipsos,NA,NA,NA,4.1,3.5,6.9,25.6,5.8,34.4,9.7,8.4,
2013-09-01,Novus,NA,NA,NA,4.6,4.6,7.3,24.6,6.5,34.3,8.6,8.5,
2013-09-03,YouGov,NA,NA,NA,4.9,3,8.2,25.8,5.3,30.8,8.8,11.4,
2013-09-03,Demoskop,NA,NA,NA,4.5,3.7,7.1,25.1,6.6,31.7,10.1,10.1,
2013-09-12,SKOP,NA,NA,NA,4.2,3.2,6.3,26.6,6.7,31.7,10.8,9.4,
2013-09-12,Sifo,NA,NA,NA,3.6,3.6,6.4,25.7,6.3,33.5,10,9.4,
2013-09-15,"United Minds",NA,NA,NA,3.4,4.2,6.2,25.3,5.3,32.6,9.4,12.1,
2013-09-24,Ipsos,NA,NA,NA,3.5,4.5,7,24.7,6.1,34.4,10.3,8.5,
2013-09-29,Novus,NA,NA,NA,3.4,4.3,6.7,26.5,4.6,35.1,8.3,10,
2013-10-02,Demoskop,NA,NA,NA,4.2,3.1,6.6,26.6,5.2,33.2,10.1,9.9,
2013-10-08,YouGov,NA,NA,NA,5.6,3.9,6.7,25.6,4.7,31.2,8.6,12.9,
2013-10-10,Sifo,NA,NA,NA,3.8,4,6.4,25,6,35.6,7.9,9.7,
2013-10-13,"United Minds",NA,NA,NA,5.9,3.3,6.2,23.6,5,33.7,9.4,11.1,
2013-10-27,Novus,NA,NA,NA,3,4.5,6,26,5.2,34.8,8.8,10.1,
2013-10-29,Ipsos,NA,NA,NA,4,3.2,6.3,27.4,5.3,34,9.6,8.5,
2013-11-04,SKOP,NA,NA,NA,3.5,3.6,6.9,25.6,5.9,35.2,8.9,9.3,
2013-11-05,YouGov,NA,NA,NA,4.5,3,7.5,25.8,6,32.5,8.3,11.3,
2013-11-06,Demoskop,NA,NA,NA,3,3.9,6.4,25.6,5.3,31.1,11.8,11.9,
2013-11-11,"United Minds",NA,NA,NA,4.1,4.4,7.1,25.8,6.7,30.9,9.6,10.8,
2013-11-14,Sifo,NA,NA,NA,4.1,3.9,7.3,25,5.9,34.5,9.1,9,
2013-11-24,Novus,NA,NA,NA,4.3,4.4,7.2,24.2,6.2,33.9,9.1,9.4,
2013-11-26,Ipsos,NA,NA,NA,4.2,3.7,7.1,25.3,6.2,33.4,10.1,8.5,
2013-11-27,SCB,NA,NA,NA,4.7,4.1,6.7,25.5,5.4,34.3,8.8,9.3,
2013-12-03,YouGov,NA,NA,NA,3,3.7,7.2,23.8,6.3,33.1,9.2,12.8,
2013-12-04,Demoskop,NA,NA,NA,3.5,4.2,8.3,23.4,7,33.1,8.3,10.5,
2013-12-08,"United Minds",NA,NA,NA,4,4.6,8,24.1,7.6,32.4,8,10,
2013-12-12,Sifo,NA,NA,NA,4.4,3.6,7.8,25.2,5.5,32.5,11,9.3,
2013-12-15,Novus,NA,NA,NA,3.9,4.1,6.4,25,5.5,34.2,9.3,10.4,
2013-12-17,Ipsos,NA,NA,NA,4.8,3.8,7,25.1,5.5,32.8,10.6,8.2,
2014-01-07,YouGov,NA,NA,NA,5.2,4.3,5.7,25.7,7.9,31.9,10,7.6,
2014-01-07,SKOP,NA,NA,NA,4.5,3.1,6.3,27.2,9.7,32.7,8.4,7,
2014-01-08,Demoskop,NA,NA,NA,4.5,3.6,5.8,22.3,11.1,34.7,9.8,6.5,
2014-01-12,"United Minds",NA,NA,NA,4.5,3.3,6.1,24,8.9,32.5,10.8,8.4,
2014-01-23,Sifo,NA,NA,NA,3.7,3.3,6.5,25.4,9.4,32.9,9.2,8.3,
2014-01-26,Novus,NA,NA,NA,3.5,3.5,5.1,24.5,9.2,33.8,11,8.1,
2014-01-28,Ipsos,NA,NA,NA,3.1,3.4,6.4,25,9.9,34,7.3,9.1,
2014-02-04,YouGov,NA,NA,NA,4.4,3.5,6,25,8,32.3,10.3,9.3,
2014-02-05,Demoskop,NA,NA,NA,4.3,4,5,24.9,9.6,34.5,8.8,7.3,
2014-02-09,"United Minds",NA,NA,NA,3.8,4.4,7,21.6,10.2,31.2,11.2,8.2,
2014-02-13,Sifo,NA,NA,NA,2.8,3.7,6.7,22.8,9.7,34.9,9.5,8.2,
2014-02-23,Novus,NA,NA,NA,4.2,3.8,4.7,25.7,9.7,33.3,8.7,8.4,
2014-02-25,Ipsos,NA,NA,NA,3.5,3.5,6,24.7,9,35.1,7.9,7.9,
2014-03-04,YouGov,NA,NA,NA,4.6,3.9,5.2,23.7,8.6,33,11.5,8.3,
2014-03-04,SKOP,NA,NA,NA,4.1,3.1,4.6,26.5,9.9,33.8,8.2,8,
2014-03-05,Demoskop,NA,NA,NA,3.6,3.3,5.1,22.6,12.5,32.7,10,8.4,
2014-03-09,"United Minds",NA,NA,NA,4.8,3.5,6.7,22.7,10.4,33,9.4,7,
2014-03-13,Sifo,NA,NA,NA,4.7,4.7,5.4,24.2,10.1,34.1,8,6.3,
2014-03-13,Sentio,NA,NA,NA,4,2.7,5.1,22.7,8.3,33.2,13.1,9.1,
2014-03-23,Novus,NA,NA,NA,3.6,3.9,6.3,25.1,9.2,34.3,9.3,6.5,
2014-03-25,Ipsos,NA,NA,NA,4.1,3.7,6.9,23.6,10.4,33.5,7.8,7.6,1.3
2014-03-28,APO,NA,NA,NA,3.9,3.4,6.3,22.4,9.9,35,8,8.2,1.4
2014-04-02,Demoskop,NA,NA,NA,3.7,3.7,5.9,24,10.7,33,8.5,8.2,
2014-04-06,"United Minds",NA,NA,NA,4.4,3.5,6.3,22.4,9.2,33.4,10.7,7.3,
2014-04-08,YouGov,NA,NA,NA,4.3,3.8,5,23.3,8.4,33,11.4,8.1,
2014-04-10,Sifo,NA,NA,NA,3.8,3.6,6.7,24.5,10.6,32.1,8.3,8.4,
2014-04-16,Sentio,NA,NA,NA,3.9,3.9,7.1,21.9,8.3,34.2,10.9,8.8,
2014-04-20,Novus,NA,NA,NA,4,3.6,5.4,23.7,10.8,33.5,8.8,7.6,
2014-04-24,SKOP,NA,NA,NA,4.5,2.7,7.8,23.4,10.7,34.9,7.3,6.4,
2014-04-27,Ipsos,NA,NA,NA,3.6,3,5.4,24.6,9.9,33.1,7.6,9.4,2.3
2014-05-06,YouGov,NA,NA,NA,3.9,4.1,6.2,22.2,6.9,33.3,10.6,8.7,2.6
2014-05-07,Demoskop,NA,NA,NA,4.3,3.9,6,22.6,10.2,32.2,8.2,8.7,3
2014-05-08,"United Minds",NA,NA,NA,3.3,3.2,6.1,21.6,8.5,34.6,10.7,8.9,
2014-05-14,Sentio,NA,NA,NA,2.8,4.5,4.5,24.5,9,32.6,11.7,9.2,
2014-05-15,Sifo,NA,NA,NA,5,3.5,7,23.2,10.3,30.9,8.8,7.3,2.9
2014-05-25,Novus,NA,NA,NA,3.9,4.2,6,24.3,10.1,32.4,7.7,8.3,
2014-05-25,SCB,NA,NA,NA,4.9,3.9,5.3,22.7,8,35.3,8.1,8,2.5
2014-05-25,Ipsos,NA,NA,NA,4.3,4.5,5.8,22.6,10.2,31.3,7.8,8.7,3.9
2014-06-03,YouGov,NA,NA,NA,4.8,5,5.1,24.8,8.3,31.2,8.2,8.5,3.6
2014-06-04,Demoskop,NA,NA,NA,5.3,4.8,5.7,18.5,13,29.1,10,8.1,4.4
2014-06-08,"United Minds",NA,NA,NA,3.5,4.9,5.8,19.7,11.2,30.8,11.3,9.5,2.1
2014-06-12,Sifo,NA,NA,NA,5.5,3.5,6.8,21.2,13,29.4,9,6.4,3.4
2014-06-15,SKOP,NA,NA,NA,4.9,3.2,7.3,24.2,12,31.9,7.8,6.7,1.8
2014-06-19,Sentio,NA,NA,NA,4.8,3.6,5.6,23,9.7,34,12.5,6.3,
2014-06-22,Novus,NA,NA,NA,5.6,4.4,6.8,21.2,11.3,32.1,8.3,6.7,2.9
2014-06-22,Ipsos,NA,NA,NA,5.6,3.3,6.3,20.5,11.3,31.1,9.6,7.4,3.7
2014-06-30,"United Minds",NA,NA,NA,4.8,4.4,5,22.8,11.9,28,10.5,7.5,4
2014-07-02,Demoskop,NA,NA,NA,4.5,4.2,6.5,19.4,13.6,31.5,9.2,7.2,2.8
2014-07-07,Sifo,NA,NA,NA,4.6,4.3,6.1,23.9,11.4,30.7,9,6.6,2.6
2014-07-16,Sentio,NA,NA,NA,3.7,5.5,6.1,20.8,8.3,29.9,13.5,8.5,
2014-08-03,Novus,NA,NA,NA,5.8,4.2,6.1,22.4,9.9,31.8,8.8,7.3,2.6
2014-08-05,YouGov,NA,NA,NA,5.2,5,6,23.4,9.4,30.3,9.3,6.6,3.6
2014-08-10,"United Minds",NA,NA,NA,5.2,4.3,7.5,19.8,9.8,29.6,11.6,7.2,2.9
2014-08-12,Sentio,NA,NA,NA,4.7,4.7,5.6,21.2,8.3,30.1,11.8,7.4,4
2014-08-14,Sifo,NA,NA,NA,3.8,3.4,6.7,24.6,11.1,30.3,10.1,7.9,2
2014-08-18,Ipsos,NA,NA,NA,4,4.3,6.5,20.8,11.6,31.8,9.4,7,3.4
2014-08-18,"United Minds",NA,NA,NA,5.6,4.6,7.9,20.8,9.9,29.7,10.9,6.9,2.3
2014-08-21,Demoskop,NA,NA,NA,4.7,3.6,5.6,23.4,9.8,29.9,12.2,6.5,3
2014-08-24,"United Minds",NA,NA,NA,4.4,4.8,6.8,21.5,9,30,11.5,7,3.4
2014-08-28,Sifo,NA,NA,NA,5.9,4.5,5.8,22.6,11,29,11,6.1,2.9
2014-08-31,"United Minds",NA,NA,NA,5.7,5.1,7.2,21.1,8.4,31.3,10.2,6.8,2.9
2014-08-31,Novus,NA,NA,NA,5.3,4.4,6.4,23.3,9.6,30.2,10.6,7.1,2.1
2014-09-01,Ipsos,NA,NA,NA,4.4,4.5,6.3,21.7,11,29.7,9.7,7.4,4
2014-09-02,Demoskop,NA,NA,NA,4.6,5,5.1,22.2,10.6,30.7,10.8,7.2,2.5
2014-09-04,SKOP,NA,NA,NA,5.3,5.1,5.8,22.2,7.9,32,9.4,8.3,2.4
2014-09-04,Sifo,NA,NA,NA,4.7,5.3,8.4,22.1,10.5,27,10.4,7.5,1.8
2014-09-04,YouGov,NA,NA,NA,4.4,5.2,6.6,21.1,8,32.2,11.3,6.7,3
2014-09-05,"United Minds",NA,NA,NA,4.6,5.4,6.5,21.1,8.8,30.5,11.4,7.3,2.8
2014-09-06,Novus,NA,NA,NA,5.1,4.8,6.2,22.4,9.9,30,10.4,7.2,2.6
2014-09-08,Demoskop,NA,NA,NA,6.1,5,6.6,20.4,10,28.6,11.8,5.9,3.7
2014-09-08,Sentio,NA,NA,NA,6.5,5.1,5.6,20.7,8.8,29.1,12.7,7.4,
2014-09-09,"United Minds",NA,NA,NA,6.5,5.7,6.9,21,7.5,29.6,11.1,7.2,3.4
2014-09-09,Sifo,NA,NA,NA,7,4.5,7.2,22.6,10.3,30.4,8.9,6.8,1.6
2014-09-10,YouGov,NA,NA,NA,6.4,5.8,6.2,21.2,8,29.5,11.1,6.8,4
2014-09-11,Demoskop,NA,NA,NA,6.8,4.9,5.9,20.9,9.7,29.2,10.2,7.2,3.9
2014-09-11,"United Minds",NA,NA,NA,5.8,5.4,5.5,22.8,8.7,31.1,11.1,5.7,3.3
2014-09-11,Sifo,NA,NA,NA,6.5,5.5,6.8,21.2,8.3,31.1,10.3,6.3,3
2014-09-12,SKOP,NA,NA,NA,6.5,4.6,6.7,24.6,7.7,31.2,8,6.5,3.5
2014-09-21,Demoskop,NA,NA,NA,6.8,4,5.5,24.6,6.9,31,12.1,5.5,2.8
2014-09-24,Ipsos,NA,NA,NA,6.1,4.2,5.6,24,7.1,30.7,12.4,6.2,2.9
2014-10-07,Demoskop,NA,NA,NA,5.8,3.9,5.5,24.1,8.1,30.3,13.3,6,2.1
2014-10-08,Sentio,NA,NA,NA,5.1,2.8,5.1,25.1,6.9,27.3,16.7,5.2,2.9
2014-10-12,Novus,NA,NA,NA,5.7,4.1,5.8,24.6,7.1,30.3,13.2,5.7,2.9
2014-10-16,Sifo,NA,NA,NA,6.1,4.5,4.9,24.7,10,26.6,12.4,7.1,3
2014-10-21,Ipsos,NA,NA,NA,5.8,3.9,5.5,24.1,7.9,30.7,12.5,6.2,2.5
2014-10-30,Inizio,NA,NA,NA,5.9,4.2,5.6,24,7.3,30.6,12.9,5.9,2.8
2014-11-05,Demoskop,NA,NA,NA,6.2,4.2,4.8,25.1,7,28.3,13.8,7.1,2.6
2014-11-09,Novus,NA,NA,NA,7.1,4,5.2,25.8,7.9,28.6,12.3,6.3,2.2
2014-11-20,Sifo,NA,NA,NA,6.1,3.9,5.5,25.6,8.4,28.4,12.1,5.9,2.8
2014-11-24,SKOP,NA,NA,NA,6.8,4.2,5.3,25.3,6.7,30.7,11.8,6.4,1.9
2014-11-24,Ipsos,NA,NA,NA,6.2,2.8,6.4,26.5,7.4,28.5,12.5,6.2,2.4
2014-11-25,SCB,NA,NA,NA,6,3.7,5.3,24.2,7.2,32.2,12.4,5.7,
2014-11-30,Sentio,NA,NA,NA,6.2,2.3,6.2,23.9,7.5,27.4,16.4,7.4,
2014-12-02,Inizio,NA,NA,NA,6.3,3.7,6.1,24.5,7.5,29.8,12,6.2,2.9
2014-12-03,Demoskop,NA,NA,NA,6.1,4,5.5,26.1,7.9,27.3,13.5,6.4,2.3
2014-12-05,YouGov,NA,NA,NA,6.1,4.2,5,23.1,6.9,29.6,17.7,4.7,2.5
2014-12-10,Inizio,NA,NA,NA,7.4,4.3,4.8,26.9,5.8,31,14,4.2,1.3
2014-12-10,Sentio,NA,NA,NA,5.5,3.9,3.7,24.5,7.2,29.7,17.5,5.1,
2014-12-14,Novus,NA,NA,NA,6.6,3.9,4.3,23.7,6,32,16,5.3,1.1
2014-12-15,Ipsos,NA,NA,NA,5.1,3.9,5.6,26.3,6.7,32,12.5,5.4,1.5
2014-12-17,Inizio,NA,NA,NA,6.6,4.2,4.2,27.9,6.1,30.5,13.2,4.1,1.9
2014-12-18,Sifo,NA,NA,NA,6.1,3.7,5.7,24.5,7.4,31,12.9,5.9,2.4
2014-12-27,YouGov,NA,NA,NA,5.7,5.5,3.7,23.2,5.7,30.6,16.9,6,2
2015-01-07,Demoskop,NA,NA,NA,5.3,4.1,4.8,24.4,6.6,32.3,14.4,5.3,2.1
2015-01-08,Sifo,NA,NA,NA,6.7,3.4,5,23.1,6.7,33.3,13.4,5.6,1.7
2015-01-13,Sentio,NA,NA,NA,5.4,3.9,4.8,23.7,5.6,29.7,15.8,7,
2015-01-16,Inizio,NA,NA,NA,6.1,4.9,3.5,24.8,5.5,33,13.6,5.4,1.9
2015-01-18,Novus,NA,NA,NA,6,4.5,4.1,24.1,6.4,30,16.5,5.3,2.2
2015-01-22,Sifo,NA,NA,NA,5.8,3.7,5.1,24,7.4,29.7,13.3,6.9,3.1
2015-01-26,Ipsos,NA,NA,NA,5,3.8,6.2,23.2,6.3,34.3,13.1,5.8,1.5
2015-02-04,Demoskop,NA,NA,NA,5.8,4.7,4.5,24.3,6.9,30.6,14,6.5,2.2
2015-02-09,YouGov,NA,NA,NA,6.7,3.5,4.4,21.8,6.3,30.1,19,5.8,2
2015-02-11,Inizio,NA,NA,NA,7.2,5.3,3.9,24.3,5.8,30.3,14.8,5.6,1.5
2015-02-12,Sifo,NA,NA,NA,7,4.7,5.2,22.1,7.9,28.9,13,7.2,2.7
2015-02-18,Sentio,NA,NA,NA,5.9,3.7,4.8,23.1,7.2,28.5,16.6,5.9,2.2
2015-02-22,Novus,NA,NA,NA,5.9,4.6,4,23.4,6.1,30.9,15,7,2.2
2015-03-04,Demoskop,NA,NA,NA,6.5,3.7,4.5,24.1,6.2,31.3,14.2,5.8,2.1
2015-03-11,SKOP,NA,NA,NA,6.4,3.6,6.1,24.4,7.1,30.6,12.9,6.3,2.2
2015-03-11,Sentio,NA,NA,NA,6.8,3.8,4.7,22.2,6.6,28.2,16.6,7.7,2.3
2015-03-12,Sifo,NA,NA,NA,6.6,4,5.1,23.9,6.6,29.8,13.9,6.5,2.5
2015-03-12,Inizio,NA,NA,NA,6.1,5.2,3.8,24.7,5.7,28.8,16,6.4,2
2015-03-16,YouGov,NA,NA,NA,6.3,4.6,5.2,21.1,5.8,29.1,18.5,5.6,2.7
2015-03-17,Ipsos,NA,NA,NA,4.7,3.8,5.8,24.8,7.2,30.7,12.8,6.7,2.3
2015-03-22,Novus,NA,NA,NA,5.6,4.2,4.9,24.2,6.5,31,15.2,5.3,2
2015-04-08,Demoskop,NA,NA,NA,6.5,3.8,5.3,25,6.9,28.3,15.7,6.1,1.9
2015-04-14,Sentio,NA,NA,NA,5.6,3.5,4.1,25.5,5.6,25.6,17.8,7.4,2.9
2015-04-15,Inizio,NA,NA,NA,7.3,4.5,3.5,24.4,6.1,28.8,16.3,6.7,1.4
2015-04-16,Sifo,NA,NA,NA,6.5,3.9,5.6,24.7,8.9,27.4,12.5,6.6,2.6
2015-04-19,Novus,NA,NA,NA,5.9,3.7,5.2,25.2,6.8,27.1,15.8,7.1,2.2
2015-04-20,YouGov,NA,NA,NA,6.3,3.7,4.9,23.5,5.6,26.2,19.5,6.6,2.7
2015-04-27,Ipsos,NA,NA,NA,4.9,4.1,6,25.8,6.8,27.7,14.6,6.5,2.1
2015-04-30,Inizio,NA,NA,NA,7.6,4.3,4.9,24.1,6.4,27.3,16.4,5.5,2.2
2015-05-06,Demoskop,NA,NA,NA,6.2,4.2,5.3,25.8,6.4,27.7,15,6.3,2.2
2015-05-12,Sifo,NA,NA,NA,7.2,3.2,5.7,24.4,8.2,25.9,14.7,7.5,2.3
2015-05-17,Novus,NA,NA,NA,6.7,3.5,4.5,25.7,7.2,25.8,16.8,6.8,1.8
2015-05-18,YouGov,NA,NA,NA,6.6,3.5,4.9,22.9,5.4,26.1,19.7,6.7,2.9
2015-05-25,Inizio,NA,NA,NA,8.5,4,4.6,23.3,5.6,26.9,17.2,6.7,1.9
2015-05-25,Ipsos,NA,NA,NA,6.8,3.5,5.4,26.1,6.7,27.7,14,6.8,1.9
2015-05-27,Sentio,NA,NA,NA,8.5,2.2,4.2,24.3,5.5,24.3,19.4,6.5,
2015-05-30,SCB,NA,NA,NA,6.4,3.7,4.9,25.6,6.6,30,14.4,6.2,
2015-06-03,Demoskop,NA,NA,NA,7.3,3.7,4.7,26.1,6.8,25.9,15.7,6.8,1.9
2015-06-11,Sifo,NA,NA,NA,7.9,4.1,4.6,25,6.6,27.1,15.2,6.2,2.4
2015-06-14,Novus,NA,NA,NA,6.4,4,4.9,25,6,26.4,18,6.5,1.8
2015-06-15,Ipsos,NA,NA,NA,5.4,2.7,5.8,26.6,6.5,27.1,15.9,6.4,2.3
2015-06-15,YouGov,NA,NA,NA,6.6,3.4,5.2,23.6,5.9,24.7,20.1,6.9,2.3
2015-06-17,Sentio,NA,NA,NA,6.3,2.1,3.7,23.8,6.8,23.9,22.1,6.9,3.1
2015-06-24,Inizio,NA,NA,NA,8,3.1,4,24.3,5.7,27.3,17.9,6.7,2.1
2015-06-25,SKOP,NA,NA,NA,7.4,3.6,4.6,25.4,7.5,29.7,14,5.7,1.6
2015-07-07,Demoskop,NA,NA,NA,6.6,4.2,4.7,23.1,7.1,25.5,18.7,6.8,2.4
2015-07-13,YouGov,NA,NA,NA,6.8,4.2,4.9,23.1,6.7,23.2,22.1,5.7,2.6
2015-07-22,Sentio,NA,NA,NA,6.7,3.1,4.4,20.8,6.4,24.1,23.3,6.4,2.4
2015-08-17,YouGov,NA,NA,NA,5.6,3.7,4.4,21,6.4,23.4,25.2,6.8,2.8
2015-08-19,Inizio,NA,NA,NA,8.6,4.5,4.2,21.4,5.7,25.5,20.8,6.5,1.9
2015-08-19,Sentio,NA,NA,NA,7.8,2,4.6,21.1,6.4,23.5,23.4,7.5,2.3
2015-08-20,Sifo,NA,NA,NA,6.1,4,4.7,24.5,7.6,26.3,17.8,6.5,1.7
2015-08-23,Novus,NA,NA,NA,6.7,3.3,5.2,23.3,6.7,25.1,19.4,7.3,2.1
2015-08-24,Ipsos,NA,NA,NA,6.2,3.5,5.4,23.8,6.8,26.8,17.8,6.6,2
2015-09-02,Demoskop,NA,NA,NA,7.2,3.5,5.3,23.1,6.4,25.2,19.5,6.5,2.3
2015-09-09,Inizio,NA,NA,NA,9.6,4.2,5.1,21.1,4.8,24.9,21.5,6.2,1.7
2015-09-09,Sentio,NA,NA,NA,6.6,2.6,4.1,19.8,6.7,24.1,26.5,4.9,2.7
2015-09-13,Novus,NA,NA,NA,6,3.2,4.9,23.1,5.9,26.5,20.8,6.7,2.1
2015-09-14,YouGov,NA,NA,NA,7.5,4.9,3.7,20,5,21.8,27.3,6.5,2.5
2015-09-17,Sifo,NA,NA,NA,6.7,3.7,5,22.8,7.2,27,17.7,7.3,2.4
2015-09-20,Ipsos,NA,NA,NA,7.1,3,6.6,22.5,7.3,27.3,16.7,6.6,1.9
2015-09-24,Inizio,NA,NA,NA,8.4,3.5,4.1,22,5.2,25.6,21.2,7,1.9
2015-10-06,Demoskop,NA,NA,NA,7.6,3.5,4.7,22.3,6.7,25.2,19.5,7,2.6
2015-10-08,Sentio,NA,NA,NA,6.7,1.9,4.6,20.8,5.1,23.1,25,7.9,3.4
2015-10-12,YouGov,NA,NA,NA,6.2,3.9,4.5,21.8,4.9,23.2,24.8,7,2.5
2015-10-15,Sifo,NA,NA,NA,8,3.7,5.6,23.8,7.1,24.6,17.2,7.3,2.2
2015-10-20,Inizio,NA,NA,NA,8.4,6.6,4.2,20.8,5.3,26.2,20.5,5.7,1.4
2015-10-21,SKOP,NA,NA,NA,8.6,3.7,5.9,23.8,7.8,27.1,15.7,5.2,2
2015-10-25,Novus,NA,NA,NA,6.9,3.9,4.8,22.4,6.6,26,19.4,6.6,2.1
2015-10-26,Ipsos,NA,NA,NA,7.1,3.3,6.3,22,6.6,27.7,17.6,6.6,1.9
2015-11-04,Demoskop,NA,NA,NA,6.9,3.5,5.4,22.1,7.2,26.7,18.9,5.8,2.2
2015-11-10,Sentio,NA,NA,NA,7.4,2.9,5.2,19.3,5.5,22,26.8,6.5,2.5
2015-11-16,Inizio,NA,NA,NA,8.3,5.6,4.8,21.5,5.5,25.8,20.7,5.7,1.4
2015-11-16,YouGov,NA,NA,NA,7.5,3.6,5.1,20.6,5.5,21.4,26.7,6.7,2.3
2015-11-19,Sifo,NA,NA,NA,6.8,3.9,5.8,24.6,5.8,26.8,17.6,6.6,1.6
2015-11-22,Novus,NA,NA,NA,7,3.8,5.2,22.6,6.4,24.4,20.7,7.1,1.9
2015-11-23,Ipsos,NA,NA,NA,6.3,3.3,6.6,23.2,6.8,27.5,17.2,7.2,1.6
2015-11-25,SCB,NA,NA,NA,6.5,3.5,5.5,23.5,5.9,27.6,19.9,5.5,
2015-12-02,Demoskop,NA,NA,NA,7,3.6,6.4,21.9,6.4,26.3,18.5,7,1.8
2015-12-13,Novus,NA,NA,NA,7,3.5,5.8,21.4,5.8,24.7,22,6.8,2.3
2015-12-14,Ipsos,NA,NA,NA,6.8,3.8,6.6,24.1,5.3,24.7,18.9,7.3,1.9
2015-12-14,YouGov,NA,NA,NA,6.8,2.8,4.9,21,4.5,22.3,26.9,7.3,2.4
2015-12-16,Inizio,NA,NA,NA,8.8,3.7,4.9,22.7,5.7,23.1,22.2,6.3,1.6
2015-12-16,Sentio,NA,NA,NA,7.3,3,5.3,17.8,5.6,23.5,26.6,6.9,1.7
2015-12-17,Sifo,NA,NA,NA,6.4,3.5,6.6,22.1,6.1,26,19,7.8,1.6
2015-12-28,SKOP,NA,NA,NA,8.6,3.3,5.8,23.8,6.7,25.3,16.3,7.6,2.3
2016-01-12,Demoskop,NA,NA,NA,7.4,2.9,6.3,23.8,5.7,27.3,18.7,5.4,1.8
2016-01-13,Sentio,NA,NA,NA,7.9,2.8,3.9,20.1,5.3,23,25.5,6.9,2.9
2016-01-18,YouGov,NA,NA,NA,6.8,3.1,4,21.4,4.2,21.6,28.8,7.5,2
2016-01-19,Inizio,NA,NA,NA,8.8,4.4,5.1,21.3,4.6,23.2,22.2,8,1.6
2016-01-21,Sifo,NA,NA,NA,6.8,4.4,6,25.6,5.9,23.2,18.2,8.1,1.6
2016-01-24,Novus,NA,NA,NA,6.4,3.6,6.1,23.9,5.7,24.4,20.3,6.6,2.1
2016-01-25,Ipsos,NA,NA,NA,7.2,2.7,6.6,25.8,6.5,24.7,16.7,6.6,1.9
2016-02-02,Demoskop,NA,NA,NA,6.6,3,5.8,27.2,5.5,23,18.8,7.1,1.9
2016-02-09,Sentio,NA,NA,NA,6.6,3,4.7,21.8,5.3,21.1,25.5,6.3,3.2
2016-02-11,Sifo,NA,NA,NA,7.1,3.5,6,25.4,6.5,25.2,16.6,7.5,1.8
2016-02-15,YouGov,NA,NA,NA,5.6,3.6,5.6,21.3,4.8,21.6,25.3,8.1,3.2
2016-02-17,Inizio,NA,NA,NA,8.7,4.5,4.5,22.4,4.5,24.5,20.9,6.6,2.5
2016-02-21,Novus,NA,NA,NA,6.6,3.5,5.8,25,5.6,24.1,19.3,7.2,2
2016-02-21,Ipsos,NA,NA,NA,6.2,3.4,7.4,25.6,5.3,25.1,16.2,7.7,2.2
2016-03-02,Demoskop,NA,NA,NA,6,3.1,6.4,24.5,5.7,26.3,17.7,7.2,2
2016-03-09,Sentio,NA,NA,NA,5.3,3.3,4.2,22.7,6.1,22.1,24,7.9,3.3
2016-03-10,Sifo,NA,NA,NA,6.1,3.6,5,26.9,6.1,26.2,17,7.4,1.1
2016-03-10,SKOP,NA,NA,NA,5.9,4.5,5.1,25.1,7,26.7,16.3,7,1.9
2016-03-14,YouGov,NA,NA,NA,5.7,3.6,3.7,24.6,5,21.9,24.9,7.2,2.2
2016-03-20,Ipsos,NA,NA,NA,6.1,3.6,5.4,25.9,5,28.9,14.7,7.3,1.9
2016-03-20,Novus,NA,NA,NA,6.2,3.4,5.3,24.2,6.2,24.9,19.9,7.6,1.5
2016-03-22,Inizio,NA,NA,NA,6.7,4.2,4,23.9,4.8,27.2,18.9,7.1,2.4
2016-04-06,Demoskop,NA,NA,NA,6.3,3.5,5.3,28,5.3,25.5,15.5,7.7,2.2
2016-04-13,Sentio,NA,NA,NA,5.6,3,6,21.1,4.6,24.1,22.3,8.1,2.6
2016-04-14,Sifo,NA,NA,NA,7.3,3.5,5.5,25.8,6,26.7,15.7,7.2,1.7
2016-04-17,Novus,NA,NA,NA,6.8,3.1,5.8,24,5.6,26,18.9,7.1,1.9
2016-04-17,Inizio,NA,NA,NA,7.3,3.9,4.3,24.2,4.6,25.4,19.7,8.1,1.4
2016-04-19,YouGov,NA,NA,NA,6.7,2.7,3.6,23.6,5.4,23.5,23.6,7.8,2.1
2016-04-25,Ipsos,NA,NA,NA,6.1,3.3,6.3,28.1,4.8,24.4,16.6,7.1,2.8
2016-05-03,Sifo,NA,NA,NA,5.9,4.3,5.4,27.4,4.3,26.5,15.3,8.2,1.6
2016-05-03,Demoskop,NA,NA,NA,7.4,3.3,5.6,25.5,5.1,24.9,16.4,8,2.3
2016-05-08,Novus,NA,NA,NA,6,3.3,6.5,25.7,4.5,25.9,17.7,7.3,2.5
2016-05-12,Sifo,NA,NA,NA,6.3,4,6.2,25.7,4.1,26.5,16.1,7.9,2.1
2016-05-18,Sentio,NA,NA,NA,5,3.7,4.5,22.1,4.5,24.8,23.7,7.8,1.8
2016-05-19,Inizio,NA,NA,NA,7.5,5,4.7,23.9,4.4,24.3,18.8,9.6,1.4
2016-05-23,YouGov,NA,NA,NA,7.9,4.6,5.3,22.1,2.8,22.6,22.9,7.5,2.8
2016-05-25,Ipsos,NA,NA,NA,6.1,3.2,7.1,24.5,3.5,27.8,17.1,7.4,1.8
2016-05-26,SCB,NA,NA,NA,6.1,3.1,5.4,24.7,4.7,29.5,17.3,6.8,
2016-05-29,Novus,NA,NA,NA,6.4,3.2,5.6,27.9,4.5,23.8,17.8,7.7,2.2
2016-06-06,Sentio,NA,NA,NA,8,2.8,3.9,21,5.3,22.9,24.5,6.9,2.9
2016-06-08,Demoskop,NA,NA,NA,6.9,3.5,5.1,24.7,5.3,26.4,17.4,6.9,2.3
2016-06-15,Inizio,NA,NA,NA,7.9,4.8,4.2,23.7,3.6,25.4,19.5,8,1.5
2016-06-16,Sifo,NA,NA,NA,6.3,3.2,5.8,27.4,4.4,26.4,15.8,7.1,2.7
2016-06-16,Ipsos,NA,NA,NA,7,3,6,24,4,26,17,8,2
2016-06-21,YouGov,NA,NA,NA,7.4,4,3.3,24.4,3.2,22.7,23.3,7.4,3.1
2016-06-26,Novus,NA,NA,NA,6.7,2.8,5,26,4.3,26.2,18.2,7.5,2.4
2016-07-05,Demoskop,NA,NA,NA,7.9,3.3,5.7,24.7,4.8,26,16.8,7.6,2.2
2016-07-31,YouGov,NA,,NA,7.5,3.7,3.3,23.8,3,22.6,25,7.9,1.9
2016-08-16,YouGov,NA,NA,NA,6.5,3.1,4,23.6,2.8,22.9,24.8,8,3.3
2016-08-18,Inizio,NA,NA,NA,8.3,3.8,4.5,24.6,3.2,26.1,17.9,9.4,1.7
2016-08-18,Sifo,NA,NA,NA,8,4,4.8,26.3,4.4,27.1,15.6,6.8,2.3
2016-08-21,Sentio,NA,NA,NA,6.2,3.5,4.2,21.6,3.5,22.8,23.5,10.9,2.6
2016-08-22,Ipsos,NA,NA,NA,8,3,5,25,4,26,18,7,3
2016-08-28,Novus,NA,NA,NA,7.6,3.2,5.1,25.3,4.4,26.4,17.2,7.7,2.1
2016-09-07,Demoskop,NA,NA,NA,7.1,3,4.3,23.9,4.8,27,17.9,8.6,2.2
2016-09-13,Sentio,NA,NA,NA,6.8,2.8,4.9,21,4.8,21.5,24.5,8.6,2.8
2016-09-15,Sifo,NA,NA,NA,8.4,3,5.2,24.8,4.2,28,15.6,7.6,2.1
2016-09-19,Ipsos,NA,NA,NA,7,4,6,24,4,26,19,7,2
2016-09-19,YouGov,NA,NA,NA,6.2,2.9,4.9,23,3.9,23.2,25.2,7.1,2.6
2016-09-22,Inizio,NA,NA,NA,8.6,3.9,4.3,24.2,3.7,25.2,18.9,8.2,1.9
2016-09-25,Novus,NA,NA,NA,7.5,3.3,4.7,24.6,4.9,26.8,17.7,7.6,2.1
2016-10-05,Demoskop,NA,NA,NA,8.1,3.7,5,22.7,4.1,28.7,16.9,6.4,2.6
2016-10-13,Sifo,NA,NA,NA,8.3,2.8,5.4,25,4.7,25.9,16.8,8.2,2.1
2016-10-18,YouGov,NA,NA,NA,6.4,4.9,5.1,22.4,3.2,22.2,24.3,7.7,2.5
2016-10-19,Inizio,NA,NA,NA,8.1,3.9,4.9,23.4,4.2,24.5,20,7.5,2
2016-10-23,Novus,NA,NA,NA,8.3,2.9,5.7,22.9,4.5,26.2,18.7,7.5,2.2
2016-10-24,Ipsos,NA,NA,NA,7,2,7,24,5,25,19,8,2
2016-10-26,Sentio,NA,NA,NA,8.7,4.1,5.9,19.5,2.4,23.5,21.7,9.7,2.4
2016-11-02,Demoskop,NA,NA,NA,7.8,2.5,4.8,23.6,4.6,27.8,17.6,8.4,2
2016-11-14,YouGov,NA,NA,NA,7.7,2.3,5.9,22.3,3.3,21.8,24.8,8,2.5
2016-11-15,Inizio,NA,NA,NA,8.6,3.5,4.1,22,4.2,25.6,21.5,8,1.8
2016-11-17,Sifo,NA,NA,NA,8.7,3.5,6.5,23.1,4.4,27.5,15.8,7.5,2.1
2016-11-20,Novus,NA,NA,NA,8,3,5.6,23.1,5.1,26.6,17.8,7.5,2.4
2016-11-21,Ipsos,NA,NA,NA,8,3,6,23,4,27,17,7,3
2016-11-22,Sentio,NA,NA,NA,8.1,3.4,4.8,20.5,3,20.8,25,9.1,3.4
2016-11-27,SCB,NA,NA,NA,7.1,3.1,5,22.8,4.5,29.2,17.5,7.7,
2016-12-06,Demoskop,NA,NA,NA,9.2,3.2,4.8,22.3,5.2,25.8,18.5,7.5,2.5
2016-12-12,Ipsos,NA,NA,NA,9,3,7,22,5,26,17,7,2
2016-12-14,Inizio,NA,NA,NA,8.8,4,5.3,21.6,3.5,26.2,20.6,7.7,1.3
2016-12-14,Sentio,NA,NA,NA,8.1,3.7,6.4,18.4,3.6,23.8,22.6,9.2,2
2016-12-15,Sifo,NA,NA,NA,9.1,3.6,6,22.2,5.2,27.6,15.2,8.4,1.6
2016-12-18,Novus,NA,NA,NA,9.3,3,5.4,21.8,4.9,27.3,17.9,7.4,2
2016-12-20,YouGov,NA,NA,NA,8.4,4.2,4.9,19,3.2,24.3,24.2,7.2,3.3
2017-01-10,Demoskop,NA,NA,NA,9.4,2.6,4.7,24.3,4.7,26.7,16.2,8.1,2.1
2017-01-16,YouGov,NA,NA,NA,8.9,2.8,4.5,21.4,3.9,21.5,24.7,8.1,2.6
2017-01-17,Inizio,NA,NA,NA,9.7,3.7,4.7,21.3,4.3,25.8,21.5,6.9,1
2017-01-18,Sentio,NA,NA,NA,8.9,3.9,5.5,18.4,5.4,21.8,22.3,9.1,3
2017-01-19,Sifo,NA,NA,NA,9.3,2.6,5.3,21.9,4.3,29.7,16,8,2.1
2017-01-22,Novus,NA,NA,NA,9.3,3.3,5.4,22.4,4.4,26.9,17.7,7.7,2
2017-01-22,Ipsos,NA,NA,NA,9,3,7,23,4,25,16,8,2
2017-02-07,Sifo,NA,NA,NA,11.6,3.9,5.9,19.8,4.6,27.3,16.5,7.4,2.2
2017-02-08,Demoskop,NA,NA,NA,11.1,3.6,5.8,18.5,4.7,26.9,17.5,9,2.1
2017-02-14,Inizio,NA,NA,NA,10.9,4.2,5.4,19.8,3.7,25,21.5,7.3,1.2
2017-02-16,Sifo,NA,NA,NA,11.8,3.6,5.6,20.4,4.9,27.5,16.8,6.9,1.9
2017-02-19,Novus,NA,NA,NA,11.5,3.1,5.3,19.1,4.5,27.1,18.5,7.8,2.3
2017-02-20,Ipsos,NA,NA,NA,12,3,6,20,4,27,17,7,2
2017-02-20,Sentio,NA,NA,NA,10.7,3,4.6,16.7,3.6,23.2,26.9,8.2,1.7
2017-02-20,YouGov,NA,NA,NA,11.8,3.6,4.2,17,3.9,23.5,23.9,8.1,2.5
2017-03-07,Demoskop,NA,NA,NA,12.1,3,5.1,16.6,5.7,27.8,18.2,7.9,2
2017-03-13,Sentio,NA,NA,NA,11,2.4,3.9,15.2,3.4,24.1,26,8.9,3
2017-03-14,Inizio,NA,NA,NA,12.1,4,4.7,17.6,3.1,25.7,22.2,7.1,1.6
2017-03-16,Sifo,NA,NA,NA,14.2,2.8,5.7,18.4,4.5,28.7,16.7,7.1,1.3
2017-03-19,Novus,NA,NA,NA,12.2,3.2,5.9,18,4.6,26.7,19.2,7.1,2
2017-03-19,Ipsos,NA,NA,NA,13,3,7,17,5,27,18,8,2
2017-03-20,YouGov,NA,NA,NA,12.5,3,6.5,15.4,3.5,22,23.9,8.7,3.4
2017-04-05,Demoskop,NA,NA,NA,13.5,2.8,6,17.8,5.7,26.2,17.8,7.4,1.8
2017-04-10,Sentio,NA,NA,NA,8.7,3.7,4.8,15.8,4.8,23.3,27.2,7.2,2.2
2017-04-12,Sifo,NA,NA,NA,13.8,2.9,5.4,17.5,3.2,29.9,16.7,8.2,1.8
2017-04-16,Novus,NA,NA,NA,12.6,3.4,5.2,16.4,4.2,28.2,19,7.4,2.5
2017-04-17,Inizio,NA,NA,NA,12.5,4.6,4.4,16.8,2.5,28.3,21.2,6.7,0.9
2017-04-18,YouGov,NA,NA,NA,12.8,3.6,5.5,15.6,2.7,24.1,25.6,6.3,2.5
2017-04-19,Ipsos,NA,NA,NA,12,4,6,17,3,29,18,8,2
2017-04-27,Sifo,NA,NA,NA,13,2.6,5.5,18.1,5,29.2,16.5,7.8,
2017-05-01,Inizio,NA,NA,NA,13.3,4.7,5,16.8,2.9,26.5,20.7,6.9,1
2017-05-03,Demoskop,NA,NA,NA,12.8,3.7,5.5,18,4.6,27.8,17.3,6.6,3.3
2017-05-07,Novus,NA,NA,NA,12.2,3.9,5.3,16.4,4.3,28.3,19.5,7.5,1.9
2017-05-08,Sentio,NA,NA,NA,10.6,2.5,4.8,17.9,4.1,24,23.2,8.1,2.6
2017-05-11,Sifo,NA,NA,NA,12.6,2.7,5.7,17.5,3.7,29.5,16.6,7.8,2.6
2017-05-15,YouGov,NA,NA,NA,12.8,2.9,5.4,16,2.1,25.3,23.6,8.1,2.6
2017-05-17,Inizio,NA,NA,NA,13.6,4.2,4.7,16.8,3,25.7,20.8,7.2,1.7
2017-05-22,Ipsos,NA,NA,NA,13,4,7,15,3,26,19,9,3
2017-05-28,SCB,NA,NA,NA,11.3,3.2,5,18.1,4.5,31.1,18.4,6.3,
2017-06-04,Novus,NA,NA,NA,13.3,3.1,5.6,16.6,4.3,27.3,19.3,7.6,2
2017-06-05,Sentio,NA,NA,NA,11.2,3.5,4.2,15.9,3.1,24.7,25,7.9,2.5
2017-06-07,Demoskop,NA,NA,NA,11,2.6,4.8,18.2,4.1,26.7,20.2,8.9,2.6
2017-06-13,Inizio,NA,NA,NA,12.8,4.4,4.2,16.4,3.1,27.4,20.4,6.7,2.4
2017-06-15,Sifo,NA,NA,NA,13.4,2.9,6.2,15.9,4,29.2,18,7.7,2.1
2017-06-19,Ipsos,NA,NA,NA,12,3,7,16,4,29,18,8,2
2017-06-20,YouGov,NA,NA,NA,11.7,3.4,5.3,17.4,4.2,22.3,24,8,2.5
2017-06-25,Novus,NA,NA,NA,12.5,3.3,5.8,15.9,4.5,27.3,20,8.4,1.3
2017-06-29,Inizio,NA,NA,NA,12.4,4,4.7,16.8,3.1,27.1,21.1,7,1.4
2017-07-04,Demoskop,NA,NA,NA,11.9,2.6,6.7,15.7,4.9,27,20.1,8,1.8
2017-07-06,SKOP,NA,NA,NA,12.8,3,6.4,15,4.4,27.1,20.2,7.3,3
2017-07-19,Sentio,NA,NA,NA,11.6,3.8,5.7,12.7,3.8,22.4,26.8,9.2,1.8
2017-07-31,YouGov,NA,,NA,10.5,2.6,5.3,17.8,4.1,24.9,23,8,2.4
2017-08-06,Novus,NA,NA,NA,12.8,4.3,5.5,15.2,3.9,29.3,18.7,7.6,1.8
2017-08-08,Demoskop,NA,NA,NA,12.9,4,6.4,17.2,4.4,28.4,16.6,7.4,1.6
2017-08-14,Inizio,NA,NA,NA,12.9,4.8,4.1,16,2.6,28.7,20.1,6.8,1.6
2017-08-14,Sentio,NA,NA,NA,10.5,3.2,4.1,15.1,4.3,23.5,27.4,8.6,2.4
2017-08-15,YouGov,NA,NA,NA,11.5,2.9,4.6,16.1,4.3,25.4,23.6,8.2,2.2
2017-08-17,Sifo,NA,NA,NA,12.4,3.6,6.2,16.2,4.1,30,18.3,6.4,1.9
2017-08-21,Ipsos,NA,NA,NA,11,3,6,17,5,29,19,8,2
2017-09-03,Novus,NA,NA,NA,12,3.9,5.4,16.3,4.8,29.7,18.1,6.8,2
2017-09-05,Demoskop,NA,NA,NA,11.2,2.8,5.2,17.3,4.6,30.3,18.1,8,2
2017-09-06,Inizio,NA,NA,NA,12.3,4.7,3.6,16.5,3.5,28.8,19.9,6.5,1.5
2017-09-11,Sentio,NA,NA,NA,11.5,3.1,4.7,17,4.1,25.3,23.4,6.9,2.8
2017-09-14,Sifo,NA,NA,NA,11.9,3.7,5,17.2,4.5,29.7,17.8,7.4,2
2017-09-18,Ipsos,NA,NA,NA,13,3,6,16,4,29,18,7,3
2017-09-18,YouGov,NA,NA,NA,9.4,3.1,5.5,16,3.1,26.3,25.3,7.5,2
2017-10-01,Novus,NA,NA,NA,12.5,3.5,6.4,16.2,4.3,29.4,17.5,7.9,
2017-10-01,Demoskop,NA,NA,NA,12.6,3.7,4.5,17.2,4.4,32.1,15.3,7.9,1.6
2017-10-09,Inizio,NA,NA,NA,11.5,4.4,3.7,18.7,3.2,30.1,17.9,6.6,1.7
2017-10-09,Sentio,NA,NA,NA,9.6,2.3,5.5,16.8,4,25.9,22.8,8.8,1.9
2017-10-12,Sifo,NA,NA,NA,12.3,2.9,6.1,18.6,3.8,30.5,15,8.3,1.1
2017-10-22,Ipsos,NA,NA,NA,10,3,6,22,4,30,15,7,2
2017-10-23,YouGov,NA,NA,NA,9,3,5.4,19.9,3.2,25.2,21.9,7.7,2.1
2017-10-29,Novus,NA,NA,NA,10.8,3.8,4.8,20.6,4,29.8,16.2,7.6,
2017-10-31,SKOP,NA,NA,NA,11.9,3.4,4.8,22.2,3.5,28.3,16,7.4,1.7
2017-11-01,Demoskop,NA,NA,NA,9.1,2.8,4.9,21.9,4.4,28.2,18.1,7.5,2.2
2017-11-09,Sifo,NA,NA,NA,10.3,3.1,5.4,22.4,4.2,29.8,14.7,6.9,2.1
2017-11-13,Inizio,NA,NA,NA,10.1,4,3.3,23.2,4,28.6,15.4,6.8,2
2017-11-19,Ipsos,1614,0.022,NA,11,3,5,21,5,28,16,8,2
2017-11-20,YouGov,NA,NA,NA,10.3,2.8,4.5,20.2,4.6,25.2,20.7,7.6,1.3
2017-11-21,Sentio,NA,NA,NA,9.1,3.3,4.2,18.2,4.8,26.6,21.7,7.7,1.9
2017-11-26,Novus,NA,NA,NA,11,3.6,5.5,19.9,5,28.6,16.6,7.3,
2017-11-28,SCB,NA,NA,NA,9.5,3.1,4.2,22.2,3.8,32.6,14.8,7,
2017-12-05,Demoskop,NA,NA,NA,9.1,3,5.8,20.9,3.9,27.1,18.3,8.5,2.2
2017-12-06,Sentio,NA,NA,NA,10,3,4.6,20.2,3.9,23,23,8,1.6
2017-12-12,Inizio,NA,NA,NA,10.1,4.8,3.9,23.7,3.1,27.5,15.9,6.8,1.7
2017-12-14,Sifo,NA,NA,NA,10.2,2.7,5,22,4.1,29.3,16.5,7.4,1.9
2017-12-14,Ipsos,2029,0.02,NA,10,3,5,23,4,28,16,7,2
2017-12-18,YouGov,NA,NA,NA,7.9,3.3,4.9,22.7,3.9,25.5,20.5,7,2.1
2017-12-21,Novus,NA,NA,NA,9.8,3.3,5.4,21.3,4.3,29.5,16.8,7.5,
2018-01-08,Inizio,NA,NA,NA,9.9,4,3.4,23.7,3.6,28.3,16,7.4,1.3
2018-01-09,Demoskop,NA,NA,NA,9.2,2.9,4.5,22.6,4.4,27.8,17.9,7.2,1.9
2018-01-15,YouGov,1175,0.025,https://yougov.se/news/2018/01/29/det-rodgrona-blocket-storst-men-fortsatt-jamnt-mel/,9.1,2.5,3.8,20.9,4.5,26.2,20.5,7.8,2.1
2018-01-16,Sentio,841,0.03,https://nyheteridag.se/socialdemokraterna-inleder-valaret-urstarkt-okar-med-mer-an-hela-mp/,8.6,2.9,3.6,19.9,3.8,27,22.2,7.1,2.7
2018-01-18,Sifo,9876,0.009,https://www.kantarsifo.se/sites/default/files/reports/documents/vb_jan_2018_svd.pdf,8.8,2.9,5.1,24.4,4.1,27.8,16.2,7.7,2.1
2018-01-21,Ipsos,1640,0.022,https://www.ipsos.com/sites/default/files/ct/news/documents/2018-01/dn_ipsos_politisk_barometer_januari_2018.pdf,9,3,5,25,4,28,16,7,2
2018-01-22,Novus,4006,0.014,http://novus.se/wp-content/uploads/2018/01/3a50b55b4b2badfcc0d6f5b3830707c2.pdf,8.9,2.7,5,23.8,4.1,28.6,16.5,7.6,
2018-02-02,SKOP,1350,0.024,https://skop.se/main/wp-content/uploads/2018/02/SKOPs-Valjarbarometer-12-februari-2018.pdf,10.7,3.5,5.1,25,3.1,26.9,15.5,7.7,2
2018-02-05,Inizio,2133,0.019,http://www.inizio.se/wp-content/uploads/va--ljarbarometer-feb-2018.pdf,9.3,4.1,4,24.6,3.2,28.5,15.6,6.8,2.1
2018-02-06,Demoskop,1619,0.022,https://demoskop.se/aktuellt/valjarbarometern-februari-2018/,9.3,3.5,4.9,23.9,5.1,27.3,15.4,7.2,2.1
2018-02-14,Sentio,691,0.032,https://nyheteridag.se/statsvetare-moderaternas-okning-har-bromsats-upp-sentio-februari-ar-har/,10.8,2.2,4.4,21,3.3,24.6,21.9,9,1.8
2018-02-15,Sifo,9878,0.009,https://www.kantarsifo.se/sites/default/files/reports/documents/vb_feb_2018_svd.pdf,10.5,2.8,5,23.8,4.6,27.3,16.2,7.2,1.4
2018-02-18,Novus,4622,0.013,http://novus.se/wp-content/uploads/2018/02/46f9e5a838d9c587a120f2fff74abe18.pdf,8.8,2.7,4.6,23.7,4.3,28.4,17.1,8.1,
2018-02-19,Ipsos,1642,0.022,https://www.ipsos.com/sv-se/dnipsos-politisk-barometer-februari-2018,11,3,5,21,3,29,16,9,
2018-02-19,YouGov,1157,0.029,https://www.metro.se/artikel/yougov-socialdemokraternas-tappar-stort-i-st%C3%B6d,9.3,2.6,4.7,20.5,3.4,22.4,22.1,10,2.5
2018-03-07,Demoskop,1620,0.022,https://demoskop.se/aktuellt/valarbarometern-mars-2018/,7.9,3.3,5.1,21.8,4.6,27.2,18.6,8.5,1.8
2018-03-14,Sentio,745,0.031,https://nyheteridag.se/sd-utmanar-s-om-forstaplatsen-i-sentio/,6.5,4.8,3.9,19.5,4.7,24.6,23,8.1,2
2018-03-15,Sifo,9724,0.027,https://www.kantarsifo.se/rapporter-undersokningar/valjarbarometern-mars-2018,10,3,4.4,23.1,3.8,29,15.9,7.7,1.8
2018-03-18,Novus,5426,0.012,https://novus.se/wp-content/uploads/2018/03/05d24afeaf29c9b6cfbe9729ce6c5842.pdf,9.3,3.2,5,22.6,3.8,27.8,17.8,7.8,1
2018-03-19,YouGov,1516,0.029,https://yougov.se/news/2018/03/22/moderaterna-tappar-och-kategorin-ovriga-okar/,7.6,3.6,4.7,18.8,4,24,22.4,8.3,2.5
2018-03-19,Ipsos,1839,0.021,https://www.ipsos.com/sites/default/files/ct/news/documents/2018-03/dn_ipsos_politisk_barometer_mars_2018_webb.pdf,10,3,5,21,4,28,17,9,2
2018-04-04,Demoskop,1600,0.021,https://demoskop.se/aktuellt/valjarbarometern-april-3/,9.5,3.3,4,22.2,5.2,25.9,18.8,8.7,1.3
2018-04-09,Inizio,2109,0.019,http://www.inizio.se/wp-content/uploads/va--ljarbarometer-apr-2018.pdf,9,5.1,3.9,23.3,4,27.3,15.9,6.5,2.3
2018-04-12,Sifo,9049,0.027,https://www.kantarsifo.se/sites/default/files/reports/documents/vb_april_2018.pdf,9.7,3.4,4.4,23,4.1,28.4,14.8,8.1,2.6
2018-04-13,SKOP,1350,0.024,https://skop.se/main/wp-content/uploads/2018/04/SKOPs-Valjarbarometer-16-april-2018.pdf,9,4.3,5.1,25.1,3.5,26.7,16.7,7,2.3
2018-04-15,Novus,4927,0.012,https://novus.se/wp-content/uploads/2018/04/42e7b0c542b320c14c8ca5f2b7c4057b.pdf,9.2,3.5,5,22.1,4,26.9,18.2,8.1,
2018-04-16,YouGov,1545,0.021,https://d25d2506sfb94s.cloudfront.net/cumulus_uploads/document/zrjqiwtrk2/Opinion_Metro_YouGov_Apr2018.pdf,8.9,3.2,4,19.9,3.9,23.3,22.1,8.5,2.6
2018-04-23,Ipsos,1819,0.02,https://www.ipsos.com/sites/default/files/ct/news/documents/2018-04/dn_ipsos_politisk_barometer_april_2018_.pdf,12,3,5,21,4,26,17,8,2
2018-05-02,Demoskop,1624,0.021,https://demoskop.se/aktuellt/valjarbarometern-maj-2018/#text,9,3,5,22,4,26,19,8,2
2018-05-07,Sentio,NA,NA,https://nyheteridag.se/plus/sd-okar-mest-av-alla-i-sentio-for-maj-manad/,7.6,2.1,3.7,20.4,4.4,25.3,23.1,9.2,2.2
2018-05-07,Inizio,2253,0.018,http://www.inizio.se/wp-content/uploads/va--ljarbarometer-maj-2018.pdf,9,4.8,4.2,22.4,3.8,26.6,16.9,7.4,2.5
2018-05-13,Novus,5306,0.012,https://novus.se/wp-content/uploads/2018/05/f45d221b48c9c0e5458c2bcdc30e668a.pdf,9.4,3.5,4.4,20.6,4.3,26.9,19.2,8.4,
2018-05-14,YouGov,1523,0.029,https://yougov.se/news/2018/05/17/inte-nagot-lyft-for-s/,10.1,3,4.2,18.3,3.6,23,23,9,1.8
2018-05-17,Sifo,8259,0.009,https://www.kantarsifo.se/rapporter-undersokningar/valjarbarometern-maj-2018,8.1,3.5,4.8,23.6,4,25.2,18.7,9.3,1.6
2018-05-21,Ipsos,1818,0.02,https://www.ipsos.com/sites/default/files/ct/news/documents/2018-05/dn_ipsos_politisk_barometer_maj_2018_webb_0.pdf,9,4,5,22,4,24,20,9,2
2018-05-29,SCB,4632,0.013,https://www.scb.se/hitta-statistik/statistik-efter-amne/demokrati/partisympatier/partisympatiundersokningen-psu/pong/statistiknyhet/partisympatiundersokningen-psu-i-maj-2018---val-idag/,8.7,2.9,4.4,22.6,4.3,28.3,18.5,7.4,
2018-05-30,Inizio,2116,0.018,http://www.inizio.se/wp-content/uploads/va--ljarbarometer-juni-2018.pdf,9.5,4.9,4.3,22,3.9,24.5,19.5,8.2,1.5
2018-06-05,Sentio,NA,NA,https://nyheteridag.se/plus/s-kollaps-nar-sd-ar-storsta-parti-i-sentios-junimatning/,7.2,3.3,7,17.1,4.8,21.7,26.1,9.7,0.6
2018-06-06,Demoskop,1609,0.021,https://demoskop.se/aktuellt/valjarbarometern-juni-2018/,9.8,3.8,5.1,19.9,4.9,23.1,21,8.3,2.3
2018-06-06,Novus,4633,0.012,https://novus.se/valjaropinionen/svtnovus-valjarbarometer/2018-2/novus-svt-juni-socialdemokraterna-rasar-sd-upp-kraftigt-och-aterigen-nast-storsta-parti/,8.9,2.9,4.6,21.1,4.5,23.8,21.9,9.1,
2018-06-14,Sifo,11640,NA,https://www.kantarsifo.se/rapporter-undersokningar/valjarbarometern-juni-2018,10.8,2.4,4.9,20.6,4,26.1,18.5,9.8,1.5
2018-06-18,SKOP,1200,0.025,https://skop.se/main/wp-content/uploads/2018/06/SKOPs-Valjarbarometer-26-juni-2018.pdf,9,2.5,4.5,22.9,4.5,26.3,19,7.6,1.7
2018-06-18,Ipsos,1805,0.02,https://www.dn.se/nyheter/politik/sd-utmanar-m-om-andraplatsen/,10,3,6,19,4,24,20,9,2
2018-06-18,YouGov,1520,0.023,https://www.metro.se/artikel/sd-%C3%B6verl%C3%A4gset-st%C3%B6rst-i-ny-yougovm%C3%A4tning-ett-dr%C3%B6ml%C3%A4ge-s%C3%A5-h%C3%A4r-n%C3%A4ra-ett-val,7.1,3.1,4.3,17.3,3.8,22,28.5,9.3,1.4
2018-06-24,Novus,2621,0.016,https://novus.se/valjaropinionen/svtnovus-valjarbarometer/2018-2/novus-svt-29-juni-sverigedemokraternas-uppgang-fortsatter-och-moderaterna-tappar/,8.9,3.4,4.8,19.8,4.7,24.5,22.4,9,
2018-06-26,Inizio,2076,0.018,http://www.inizio.se/wp-content/uploads/va--ljarbarometer-juli-2018.pdf,9.5,4.5,5.1,20.6,3.9,23.9,20.5,8.9,1.4
2018-07-03,Sentio,743,0.031,https://nyheteridag.se/plus/bomben-i-sentio-m-kd-och-sd-kan-bilda-egen-majoritet/,7.1,4,5.8,18.1,3.8,21.2,25.6,10.8,1.1
2018-07-03,Demoskop,1615,0.021,https://demoskop.se/aktuellt/valjarbarometern-juli-2018/#text,9.8,2.5,4.3,19.9,4.2,25.9,21,9.1,1.9
2018-07-15,YouGov,1221,0.025,https://www.metro.se/artikel/yougov-Ã¶kad-polarisering-v-och-sd-ser-ut-att-bli-valets-stora-vinnare,8.6,3.8,5.4,15.9,3.9,21.2,25.7,9.8,1
2018-07-21,SKOP,1182,0.025,https://skop.se/main/wp-content/uploads/2018/07/SKOPs-Valjarbarometer-24-juli-2018.pdf,10.1,3.3,4.9,19.2,3.5,25.9,20.7,10.3,0.9
2018-07-22,Novus,4808,0.012,https://novus.se/valjaropinionen/svtnovus-valjarbarometer/2018-2/,8.4,3.2,5,19.6,5.7,23.7,21.6,10.1,
2018-08-01,Sentio,1003,0.027,https://nyheteridag.se/plus/s-katastrofen-ett-faktum-sd-utan-konkurrens-storsta-parti-i-sentio-en-manad-innan-valet/,6.9,2.4,4.6,19.1,3.9,21.1,25.5,12.6,1.2
2018-08-02,Inizio,2295,0.018,http://inizio.se/wp-content/uploads/2018/08/va%CC%88ljarbarometer-augusti-2018.pdf,9.5,4.8,4.4,20.4,4.8,24.9,19,8.7,1.5
2018-08-09,Sifo,2494,0.017,https://val.digital/Survey/?institute=Sifo&publication=2018-08-10,10.3,3.3,6,20.3,5.6,25.8,16.8,9.2,
2018-08-13,Demoskop,NA,NA,https://demoskop.se/aktuellt/,11.1,3.6,4.8,19.7,6.5,23.6,19.6,8.8,
